relativePath,bytes,sha256
Code\calibrate_q1_voltage.m,5342,0710451e617a8c5ed73ba02f64ebca33789a6a5e6a84bd29f9278f75764a9668
Code\check_q3_no_heater.m,1910,9fa4500cb0df3109d27441e7c3c7052c1026a6a61a52062075bb71aa1cd5cfe5
Code\export_q3_table4.ps1,3798,ce54e16630c7bbc187ee62e484c03799923600d5a44a371fed323b9aae255b7c
Code\export_q3_table4_word.ps1,4173,3a4f8a87d1f9887c178dfd90b8709f1592bb5ee9a6b63dfc1e9f5b7e088e9113
Code\gas_transport_state_ice.m,7351,e8ea990d76a9c0007dea648e11b2c63fa8314c1c23efcbb431761b8053930ff5
Code\kfreeze_sensitivity_q1.mat,871,6cd0dca9fec364635da80412b65dc84a4282cc83a28cae2c83a047a531f785a7
Code\pemfc_calculate_ice.m,34044,93621f87794057e45bfd68f866ad768cf7f054b0a35c94dd46b147da539dc939
Code\pemfc_setup_ice.m,9819,deb7a8cc8453b82e6d88ab87f5107a982a6114168ef7d93df10d032e1c9185f5
Code\pemfc_stack5_simulate.m,41188,4082eaada11e7f7a511c5ab3aaba593e6e56dcc7645fad370f0956da295c6493
Code\pemfc_stack5_simulate_q3.m,53141,74dc843bff7de04b52123c9314837b110817e1b115c623cb62d72e7ab02d7493
Code\q1_refit_results.mat,598848,de1c04cf78de7bec22ce905ea31e8046c1deaab51acc439317f7065f4067c368
Code\q1_refit_summary.png,141921,b16ffc02996be05267a1d0da5bb347e8c7a7745ec1c22f0be855658108452ebe
Code\q1_slow_run_results.mat,635190,db22dc7ac9796469fcbbea8b94bea5612931bc9611d1e2fc9b194c27f5b72d58
Code\q1_slow_run_summary.png,212088,81f10154cd833766e900a1e66e1cc0886d1be538944ebb2dd694ab69e33152a4
Code\q1_voltage_calibration.mat,2592,c911949273cb4ab0cba33ab8b201f9800a9d7a4bdb8308882e8ec4bf6dc20c51
Code\q2_current_strategy.m,4191,ccf1d2671d491dc6fd1acc5140054da2524b3298bada77ea9edf78b56515299c
Code\q2_initial_polarization.mat,1045,5d3c365627c73d23729f84a3e6601f87cab91d3b8632f8a8059e105fffe674d0
Code\q2_linear_diag_58s.mat,268401,5644edf6bfbdfa2aa854a403dbdd5253f9935d10e5d25dc147dd37dbec034b24
Code\q2_linear_verified_result.mat,266299,3777576310aa6134f122ebd59e0de7e1b6de16a4a001a143b622ea498c2e730c
Code\q3_25s_duration_probe.m,1590,d443e88066c18c87625d75a3d044b9183755d4b6eb462e1cb84b44db1918bc5f
Code\q3_25s_gradient_probe.m,3141,b941b64717af7f537150b23acbcb51377fddfeb6b0b21074458db1055c337421
Code\q3_auxiliary_heating.m,2343,e698c4163f1838088f4a00b49a8b7a9c9a0351281d8410a11eff28983ee65bfd
Code\q3_cached_energy6.m,2237,0073d4b70d9d30ba7be6f1caff0c5da3a2df5ead76c70941ce50229f5011df97
Code\q3_compare_candidates.m,905,bece43a653fcbb3877b1557ed462ff3664abb46ee700d66998267f573948e093
Code\q3_continue_energy_search.m,4264,8ef3aceda4941c88db0e82a08d1c9f37a51f7c7fbda4e9c04b6d0222150fa53e
Code\q3_energy_budget_search.m,2348,2b2f828b79868964aa750872e23e3dd43ed93b78d2a4da02fa82c6656de09edb
Code\q3_evaluate_candidate.m,2179,91e40edb17168017e9f02aca09692dde8ead1fcde77094b4b7cc468b5a9b9526
Code\q3_evaluate_energy6.m,2631,779f15934ed6cdc4401e63aa61af95e6c6dbebd5c82acbb42a9d8d61252d45c4
Code\q3_export_joint_history.m,1022,af308463615fc21f8040fe3196e7a7a9f2615a21d1e704e91cbe24088ef2a6e1
Code\q3_export_results.m,2251,8ad121407e6ae43e3957ec9b78b898cdde5d762a99d992e36793076e5e096e00
Code\q3_finalize_joint_results.m,11040,4ef83cc167c50f0535eccc5e9b9eacbb9659145e0aad3fa1a5d3aa8d5bba6f8d
Code\q3_finalize_min_energy.m,2742,2747e54481683ea165daf872f6d6552f9942d3e98d0f48a3d55b7ea37f7e461a
Code\q3_freeze_parameter_trial.csv,739,adfe2af6b58564ae69270cbd1af96dccf3e111277e7f12ad00d2e83188078874
Code\q3_heater_off_diagnostic.m,2615,634ff41d4a6a674f2f3b40bf2c2dc9b9714ebfc86d8ecb41cfef12dea3d654ca
Code\q3_joint_de_energy.m,10158,38bfd4b3347d0e4dbbcd3eadd40333d32b2a4fac05cfd6ed5d85dd82e619f954
Code\q3_joint_probe.m,1592,0f5a4e70b82213636c43239305a9018db16443e931e0eaafd378af7970ec71a2
Code\q3_multistart_cutoff.m,3409,2b16190c01191079d03a67ea512733b5e76f82c82dec9d3eeea3dbab28e883d5
Code\q3_multistart_energy.m,5548,2f9ed4c6a4dd343bae8a360f276eba53ee480c7c1b34b9509189aacad0e45242
Code\q3_optimization_config.m,1512,3dff632edc5b8eeb0474ac472df137842b82edb7527060dbaace6375e5f82827
Code\q3_optimize_startup_time.m,3353,6f03dd523b67181a554d471f171426bd83dc20c855f26ba5efb79de52d1fd250
Code\q3_probe_25s.m,3286,ab876be3bc567b063df1b1edeba3804559c4410fb3c2f9c57304e0265cef57ae
Code\q3_refine_coheat_duration.m,2745,8e5fdddf64665fb17c2c335ec5c7b775f102bbdd515d13ab3a25e8f1902b4dc2
Code\q3_refine_end_margin.m,1455,f99b5dc511881243fa682784095f8197866da225f290a5d8106fd703d5bdd11a
Code\q3_refine_min_energy.m,8751,ff44bae8df75129cd1f6ebfd3c9baad899aabcbc510008d5bf42e6e537dc7d59
Code\q3_refine_preheat_timing.m,2284,6fc4b3c2fa8ec22e996cc9293925c57ad2e44ec3dc1dc20a28a5e2b0166c83f9
Code\q3_retry_energy_failures.m,2895,29e6cc371ff88e41b8140d725341f856eda74e2d7af90eecb50f914a8f0ed40e
Code\q3_run_ablation.m,1970,556892bc86e1779a89a81dba2010abe89a3cf0d5b9d192a33eed3be70ca31fbe
Code\q3_run_optimization.m,9596,adfd3427d7e01e7bb4f7845e1e86952aa5163578350569ea5f64b8efe4404fba
Code\q3_search_time_neighborhood.m,3533,f19c0f473984fa73945c2481b0217fe58e1888eefb71f8ccbbd95d81e2d34442
Code\q3_small_allocation_probe.m,622,70e6336b6f3f37669230c2f5658c7fba9b1ab4a93593777b99e8ae5043a63230
Code\q3_thermal_allocation_screen.m,1875,0a9d4f23df8abd085265fffc93e5c68a36665958c64d6cf18949e7f40d319b5e
Code\q3_time_numerical_check.m,1704,24f173b815c8de264dd47134cc45531863488065a9231832a8dc1705afd150e6
Code\q3_validate_best.m,1876,2d53b7a514190b2eacccf8dfe525b1e8fdaf1ceb1b6f623e672bd2ec2b94e188
Code\README_ICE.md,10251,95065904cc65da8d4c95c44240291ab3d487f8b5758571a68a649d65500c8248
Code\README_PHASE_FIX.md,5764,a4f99db6586acec0a3f891e0a2598597b2ae07a617b9fd24d5fbbea7f218ceff
Code\README_Q2.md,8728,7fef02c6b079ff727be5ad206a41929328242faa9ae826c6994f129d4f9bd3d5
Code\README_Q3.md,15616,56d7d5a89b9c305f36b9a9650c773c8e9ca8002772eb637df636d5b25fa9322b
Code\render_q3_table4_pdf.ps1,2245,383427efcce75e64b3f10359d0b123faddd7201fc80d8b79330c9d97545ea467
Code\results\attachment1_parameter_and_bipolar_audit.md,8681,c6cc5bab1f83f511779081389e6b35667f12916f2085b7f3396e9b8cc8443057
Code\results\budget_search_run.log,2643,9c95f2214425611a14416d504ca351e42bd4796742fcbd2cf7413c4dd0bf863e
Code\results\energy6_coheat_3fc1eb851eb851ec3fc1eb851eb851ec3fc1eb851eb851ec3fc1eb851eb851ec3fc2497dbc032f1e40548aef60daa73a.mat,414551,9f422160f7e624596d47e881689cff6525d441fcdce47968377c94cc40edccad
Code\results\energy6_coheat_3fd999999999999a3fd999999999999a3fd999999999999a3fd999999999999a3fd999999999999a4052ddf4674b2746.mat,428396,3ca3c1290fe2090956280e4701a94119e5069495fda926ac46dfb53eaea06c7f
Code\results\energy6_coheat_3fd999999999999a3fe52c083126e9793fdfd1b71758e21a3fe514018ac5cdfe3fd9821b7246e24e4050c5e5e6619b60.mat,408157,103b2869470c157272e32a89eb3e1a6ec532da47b59b498a17abab4173240d6e
Code\results\energy6_coheat_3fde147ae147ae143fe00000000000003febd70a3d70a3d73fe00000000000003ff00000000000004047cccccccccccd.mat,431317,82f47931648eeecaccac1809e9a73a775f9bce00d7e70f2321437206aac84187
Code\results\energy6_coheat_3fe00000000000003fe00000000000003fe00000000000003fe00000000000003fe0000000000000404e000000000000.mat,431294,74aaa72b9ad6fe8ba44a5cea4944249dabf5ce00425f6175e1bba25b8ceba731
Code\results\energy6_coheat_3fe00000000000003fe00000000000003fe00000000000003fe00000000000003fe0000000000000404e2fed7211d871.mat,433710,bdcd38d8711fe5934e53c7f13fff33d9d6107c5f4f4b53b5103c13e5bd179be2
Code\results\energy6_coheat_3fe33333333333333fe33333333333333fe33333333333333fe33333333333333fe3333333333333404927f089b989b3.mat,432428,777101eeea332ea412a438081baecf2c428331ab00162123bd0c9c0e72322242
Code\results\energy6_coheat_3fe33333333333333fe999999999999a3ff00000000000003fe999999999999a3fe33333333333334046800000000000.mat,315395,f6dc8a51be1db381aae6a3392472bc22074bf39684827b7eac5e788c33aca918
Code\results\energy6_coheat_3fe570a3d70a3d713fedc28f5c28f5c43ff00000000000003fedc28f5c28f5c43fe570a3d70a3d71403b121212121213.mat,438910,677ee7fcc0219f2e41f4c94c840a08b29197a2405417a49d4e497b6af74d0108
Code\results\energy6_coheat_3fe66666666666663fe66666666666663fe66666666666663fe66666666666663fe666666666666640458ff2bf315175.mat,431103,5dbe78101daddfab41d1495153bd7e5bf8336ad36b005f12a2e43e61a32b6822
Code\results\energy6_coheat_3fe999999999999a3fe428f5c28f5c293fd51eb851eb851e3fe428f5c28f5c293ff00000000000004041bb836b4f2e67.mat,432339,48df00226b3ecc67e2d61687f4b6355f643f4417677ea0f6c21d90395629945d
Code\results\energy6_coheat_3fe999999999999a3fe999999999999a3fe999999999999a3fe999999999999a3fe999999999999a403c000000000000.mat,436922,5193cd96cad5a9073b9cbec544aad5074614e63d8f6b6a5e90194d43f1d98f0a
Code\results\energy6_coheat_3fe999999999999a3fe999999999999a3fe999999999999a3fe999999999999a3fe999999999999a4042d9999999999a.mat,436157,287e032b7826f6a4209315eb823c83d4e561d93eaa3e4d0a919e8163221c10db
Code\results\energy6_coheat_3fe999999999999a3febae147ae147ae3fedc28f5c28f5c33febae147ae147ae3fe999999999999a404122e8ba2e8ba2.mat,438199,48c81de2430610905797413fcd0c1c3f83b8bcfbed08c6c56b48381714487089
Code\results\energy6_coheat_3feb3333333333333ff00000000000003ff00000000000003ff00000000000003feb33333333333340400e9988ee421b.mat,437356,e8d7d217a8d782a5b6997d3bd9be866808b18addf026794cac17d6503d93fbd9
Code\results\energy6_coheat_3febd70a3d70a3d73fed4bc6a7ef9db23ff00000000000003feb3333333333333febd70a3d70a3d7403e6e5892dd6f9e.mat,434665,3816aea809d364a33c30cfebec36f89c0b43c329686e16a4c14f7e6981cee189
Code\results\energy6_coheat_3feccccccccccccd3feccccccccccccd3feccccccccccccd3feccccccccccccd3feccccccccccccd4040c54b067bb122.mat,435290,028e3e3c4fd0a986e9293c2cf43e5857d1a4baaf5758e9775144b640b9ef84a9
Code\results\energy6_coheat_3fefef9db22d0e563ff00000000000003ff00000000000003ff00000000000003fefdbdb74bbd24f4044000000000000.mat,248709,57469c454b4e63f00ed9b2f494d273c36490f07e6fd19f122fbf99bd8f8596da
Code\results\energy6_coheat_3feff559b3d07c853ff00000000000003feb374bc6a7ef9e3ff00000000000003ff0000000000000403f15b105f8d7af.mat,439417,360d934cb17e7ffe2382fb03a622eefe0d1ef9d4e2d07f2f064ed8f3728918e4
Code\results\energy6_coheat_3feff559b3d07c853ff00000000000003feb374bc6a7ef9e3ff00000000000003ff0000000000000403f29c0a65ad32a.mat,439479,56afb450d52dbb03a5f97637a70981ab1b4cd8923402d7c028acb2139849ff55
Code\results\energy6_coheat_3feff559b3d07c853ff00000000000003feb374bc6a7ef9e3ff00000000000003ff0000000000000404a7167b409ae74.mat,253308,7decb330d4eb2d07705e29fd09f73da3057dc7246fcd42b080cf08a0cbc366be
Code\results\energy6_coheat_3ff00000000000003fd333333333333300000000000000003fd33333333333333ff0000000000000404b800000000000.mat,431910,d672e70f9ce34d2a5214a0afc56cfdd5fe07e55feef2d39619448f3732170b58
Code\results\energy6_coheat_3ff00000000000003fdc28f5c28f5c283fe999999999999a3fdc28f5c28f5c283ff0000000000000404b150d2541622a.mat,317840,68af4d5b7ed03145072264452e9d72784e6424d8e7c17bc0ac5edd828c8a691d
Code\results\energy6_coheat_3ff00000000000003fe00000000000003fc999999999999a3fe00000000000003ff00000000000004041000000000000.mat,433719,7364ef3566c5ed9db7e5b91a29b3ac8b1ef6dfb3b39cee4d915f50bd8a5e4df3
Code\results\energy6_coheat_3ff00000000000003fe0dbea0ba1f4b33feb374bc6a7ef9e3fe189374bc6a7ef3feff0baccd708db40451007025aca7f.mat,303198,858b9971749ad5476eebcc95e752f3a81a845a8628cb40ab7cd7f39c87e9c898
Code\results\energy6_coheat_3ff00000000000003fe189374bc6a7ef3fcf6c8b439581063fe189374bc6a7ef3ff000000000000040451007025aca7f.mat,433325,a1640be912138681b873a321b7a4057ea9888a14ca0012d7ce08d1bda428bff2
Code\results\energy6_coheat_3ff00000000000003fe23d70a3d70a3c00000000000000003fe23d70a3d70a3c3ff0000000000000403e40f6d40753b1.mat,435078,623c5c0810536452591a9de5d95804622d008c3ee5b400c45cd18a9c761470b9
Code\results\energy6_coheat_3ff00000000000003fe3141205bc01a43feb374bc6a7ef9e3fe336bef84ca09a3feff440ec56a459404a7167b409ae74.mat,295647,7574a122bfbfa35ebed45c1d39fc36575f47b2de00b6109eecfb80a4434cdf34
Code\results\energy6_coheat_3ff00000000000003fe31eb851eb851f3feb374bc6a7ef9e3fe31eb851eb851f3ff0000000000000404a7167b409ae74.mat,295640,c010cce049d381aaae882fbe4116a38df60d8170c68b1fdf04f92add0db3dd78
Code\results\energy6_coheat_3ff00000000000003fe31eb851eb851f3fedeb851eb851ec3fe31eb851eb851f3fefe881d8ad48b34044000000000000.mat,290902,97d9492e7e63622d0f52b04f547d1327e7fc49cecea8afdd4a33861f9391ce4b
Code\results\energy6_coheat_3ff00000000000003fe31eb851eb851f3ff00000000000003fe360282e8172793fefdea88734f2034048505bfab2d8d8.mat,286163,ba4275fd124971ce695185d4f36ffe3623e62c1a0c3b7cb35cebbfa1aee01d7d
Code\results\energy6_coheat_3ff00000000000003fe33333333333333fc999999999999a3fe33333333333333ff000000000000040462d2d2d2d2d2d.mat,434386,fefd894aa20d2475856b9961e82e7368733dc0f393e31121e5cdfa5a671b4896
Code\results\energy6_coheat_3ff00000000000003fe428f5c28f5c293fd51eb851eb851e3fe428f5c28f5c293ff000000000000040391851eb851eb7.mat,438724,ef1bf8956dd7b5bfa636ed9fa74f31f82f339e343fdbad871cf679b59fca6d95
Code\results\energy6_coheat_3ff00000000000003fe66666666666663fd33333333333333fe66666666666663ff00000000000004046800000000000.mat,315847,6327432e51922461b7722859886c2d70b610372d888a7068277613ddf10a9ddc
Code\results\energy6_coheat_3ff00000000000003fe790624dd2f1aa3fef982a9930be0e3fe7a0c49ba5e3543fefededba5de9284048c34a75eef75c.mat,273821,254a153be592959795334e2c09d6c84a06433539dc45789b1ff971b24b29abe5
Code\results\energy6_coheat_3ff00000000000003fe999999999999a3fe00000000000003fe999999999999a3ff0000000000000403c000000000000.mat,438519,461a88ab530292ab513de348ece7ddec7d1b7cbed800bc30fa225ffee98cc266
Code\results\energy6_coheat_3ff00000000000003fe9e872b020c49b3fd085f06f6944673fe9e872b020c49b3ff000000000000040404cbc8c6bd323.mat,436743,b7308ce1a6bac6f98f8bf90d2abe60933286983dc74d0b66b8d319301c9e63a4
Code\results\energy6_coheat_3ff00000000000003feb3333333333333fe66666666666663feb3333333333333ff0000000000000404122e8ba2e8ba2.mat,437413,0d6b94e5a51ae4ad1bdb5f7ecd60d352d601ce51e0dae82af8fe4b6571eefca9
Code\results\energy6_coheat_3ff00000000000003feb3333333333333ff00000000000003feb3333333333333ff0000000000000403c000000000000.mat,436592,54b42235e2be96621ae3d6ca5cab6d50601a46a7a2a56c062ebc8dcc37149fac
Code\results\energy6_coheat_3ff00000000000003fec858793dd97f73ff00000000000003fd999999999999a3fefe881d8ad48b34049c09658e8446e.mat,291722,56416127aba4cad85d78c701703eb59e8bed862452256f1df05cc2a52609d0ae
Code\results\energy6_coheat_3ff00000000000003fec858793dd97f73ff00000000000003fec6d80ed7c7c7c3ff00000000000004049c09658e8446e.mat,259593,b28326bda7b3e0805bd690d22649d04d1308a66f336e36d36983df44b31b93fc
Code\results\energy6_coheat_3ff00000000000003feccccccccccccd3fe999999999999a3feccccccccccccd3ff00000000000004044000000000000.mat,266404,1bf3c77a40ddeba1d4aeef7d3785acd0080c22feed3c3ed4cf7c5b37dbcf9370
Code\results\energy6_coheat_3ff00000000000003fece147ae147ae13ff00000000000003fece147ae147ae13ff0000000000000403c06aa7e628e54.mat,124517,6c8bf69ea8e1a085517d305b59f5a5802d181d484f2e5e568c9f29f3f63f0c67
Code\results\energy6_coheat_3ff00000000000003fedc28f5c28f5c33fe428f5c28f5c293fedc28f5c28f5c33ff00000000000004042d9999999999a.mat,271125,27937f28c9edd5b6979833035c7a1a6d224abb28c03e4db5d57bcb98375494c1
Code\results\energy6_coheat_3ff00000000000003fefef9db22d0e563ff00000000000003fefe7f9599ee4853fefd01c611276a94044932d741bdf91.mat,248681,2030bd6c9bc4e54820774fad76a039c854ed0e1b8dc39d64456e470f767f2db4
Code\results\energy6_coheat_3ff00000000000003fefef9db22d0e563ff00000000000003ff00000000000003fefdbdb74bbd24f4044000000000000.mat,249626,d35ec6ff3c56b85ce88ca2191199f548a84c27e2b4a136944d0df28ec17ed810
Code\results\energy6_coheat_3ff00000000000003ff000000000000000000000000000003ff00000000000003ff00000000000004042d9999999999a.mat,437524,b8a7f30b6769164bae5c64eb79c0d9cb7be208dcef68d79805b48f3acf542340
Code\results\energy6_coheat_3ff00000000000003ff00000000000003fe570a3d70a3d713ff00000000000003ff0000000000000404533d70a3d70a4.mat,264604,e35fb19c4b464174d9beede6f853afb6f7017cf49ee3eaa3dc66abf5d7d94847
Code\results\energy6_coheat_3ff00000000000003ff00000000000003febd70a3d70a3d73ff00000000000003ff000000000000040431d92afd51e36.mat,254262,f42d79f6061a41f48d2ea47e26888482ccf459fe86dc52759f07f751ebed1927
Code\results\energy6_coheat_3ff00000000000003ff00000000000003fecc95182a9930c3fe31eb851eb851f3ff0000000000000403253c0dce5d455.mat,446631,631edec9e4d33e2d3ebc0c9f0ac843e410f226f8c79a61c54ddbc6135dd4377c
Code\results\energy6_coheat_3ff00000000000003ff00000000000003fed4bc6a7ef9db23fefe5afc25f0a6f3fefe681c0eb55ca403eb478b36ab105.mat,442460,c5566ce7d2147f152e025a79c6a959210239a344b2befca55bdad9969ee1c78f
Code\results\energy6_coheat_3ff00000000000003ff00000000000003fed4bc6a7ef9db23fefe5afc25f0a6f3fefe681c0eb55ca403ec84995b68e5c.mat,442367,646d6f13e621c7504c06ac7b1b35895e1c4ddf2af5a3f464b3d6da6d174e61eb
Code\results\energy6_coheat_3ff00000000000003ff00000000000003fed4bc6a7ef9db23fefe5afc25f0a6f3fefe681c0eb55ca40436cd28be42070.mat,251810,3ba746c8912b58285414d3cd107b3e2dfe8697f41a1f1fb33e96b1d45fe510fe
Code\results\energy6_coheat_3ff00000000000003ff00000000000003fed4bc6a7ef9db23ff00000000000003fefe5b4c6342900403dfda554577a46.mat,441706,4cc7676d66198dfddc9e70314e527f1a5210664d58e10ed28c8b558658babd6c
Code\results\energy6_coheat_3ff00000000000003ff00000000000003fefef9db22d0e563ff00000000000003fefdbdb74bbd24f4044000000000000.mat,248690,c3dd9e344daaf606f4dea671577f3c53b650f0669388d82ab7ea18047e92c477
Code\results\energy6_coheat_3ff00000000000003ff00000000000003ff00000000000003feb70a3d70a3d713ff0000000000000404684444ccecefb.mat,257615,1a1fec271130d14e8184ef209173a4c52776380fceac10948a56c49d08da4f8b
Code\results\energy6_coheat_3ff00000000000003ff00000000000003ff00000000000003fefcda91bfdeef43ff00000000000004044000000000000.mat,248645,ff73f9b18393b5db78d5a6520091c8b8c732e1c8d4afc7850842df8afd7208f9
Code\results\energy6_coheat_3ff00000000000003ff00000000000003ff00000000000003fefd7970bcbf2db3feff92cec8060814044000000000000.mat,248824,2484139af23f7dd75b16dba35a6ff1e1fc196ba7d4e96a2b24e56889aa9647f8
Code\results\energy6_coheat_3ff00000000000003ff00000000000003ff00000000000003fefdb09762f86f43fefca4910a09fc44044000000000000.mat,249301,d3124ffe6cc574cc26eb2b02cbc7d7e27ae30f46e67ddbf7fcb528bffcfc6e1f
Code\results\energy6_coheat_3ff00000000000003ff00000000000003ff00000000000003fefdb09762f86f43fefededba5de9284044000000000000.mat,248551,777df2a7df26b5efbf1f3a1f429902d2d03c55dec2cabc085a217ddce599e148
Code\results\energy6_coheat_3ff00000000000003ff00000000000003ff00000000000003fefdb09762f86f43feff894068d6ca34044000000000000.mat,249388,4c4b2e21824bc5c4993bbc2adba12986218333a935c27d17de5985608eb18808
Code\results\energy6_coheat_3ff00000000000003ff00000000000003ff00000000000003fefdb09762f86f43ff000000000000040436cd28be42070.mat,248778,a528b9e1afb650f1315f57fc64cb09dafce47cdb4141a2fe3cbd03717982669f
Code\results\energy6_coheat_3ff00000000000003ff00000000000003ff00000000000003fefdb09762f86f43ff000000000000040438d1184c3e17d.mat,248778,2f8a200a875e2ddf9ac17c821e607ec66a87c257952a18590105e49d4cc43043
Code\results\energy6_coheat_3ff00000000000003ff00000000000003ff00000000000003fefdb09762f86f43ff00000000000004044932d741bdf91.mat,248778,642944999e1af51b12dbd79e886a254e0e4c8a8c9f338fc20500b99f052a2cbc
Code\results\energy6_coheat_3ff00000000000003ff00000000000003ff00000000000003fefe869d0611ef43fefdb428ec8de714044000000000000.mat,248906,10e5ce5e1de37cb6fe2b9d9399a2564073f3c01d7fe1c218d72a3b3fad6e0ac7
Code\results\energy6_coheat_3ff00000000000003ff00000000000003ff00000000000003fefef9db22d0e563fefbfba133f84fe4044000000000000.mat,248877,7504c1afb01bbb99eb426d269059b70b37c1a132f6d9b729fe6eee8257ea7e6c
Code\results\energy6_coheat_3ff00000000000003ff00000000000003ff00000000000003fefef9db22d0e563fefdbdb74bbd24f4044000000000000.mat,248530,52e569bc3aef5079b6f28220e0afe1c88953d7badcef05761222e9c147673d8e
Code\results\energy6_coheat_3ff00000000000003ff00000000000003ff00000000000003fefef9db22d0e563fefe681c0eb55ca4044000000000000.mat,248685,a199dfaf08b005d90bf369e62ad9974c8ba4f048dcbb21474bd710b0f1b1caaf
Code\results\energy6_coheat_3ff00000000000003ff00000000000003ff00000000000003ff00000000000003fefbef16bb87a8e40461008c3ce9be2.mat,249041,6cd2cb7342270844730a3f8a30ffaee8ffc0469340d5e1610e32ba79bc02ac50
Code\results\energy6_coheat_3ff00000000000003ff00000000000003ff00000000000003ff00000000000003fefbfba133f84ff4044000000000000.mat,248723,53c240a98db663edd581a81f7909a6236fcb8fd2f788f591af967b409e09b024
Code\results\energy6_coheat_3ff00000000000003ff00000000000003ff00000000000003ff00000000000003fefcb7926e8e0a54044000000000000.mat,248678,2772f8b129201765d6717347b9d79094e7713775f71044b8a384470f597c615f
Code\results\energy6_coheat_3ff00000000000003ff00000000000003ff00000000000003ff00000000000003fefd66f930b31db40434f2ea4de95fb.mat,248872,1ccb8131ee1b1d5507a64afb4e90114766cbc0e04e16b9c55790a073f987551c
Code\results\energy6_coheat_3ff00000000000003ff00000000000003ff00000000000003ff00000000000003fefd9cf2b01741a4044000000000000.mat,249710,b01dff8db8f6953b8edb416d6c3c742dfd3e3562ce2741d974244370d1af1129
Code\results\energy6_coheat_3ff00000000000003ff00000000000003ff00000000000003ff00000000000003fefdbdb74bbd24f403e2c80e91c92fd.mat,444034,d522ef7851e64cccbb3e4c2560d212da22e82f3b8b81a03d65210b47ed208f6e
Code\results\energy6_coheat_3ff00000000000003ff00000000000003ff00000000000003ff00000000000003fefdbdb74bbd24f403e3e710f9a6c25.mat,444112,33d360742444ddde4ef9096370d4cb728c16934ac6a8956204e94bf5b97fd18d
Code\results\energy6_coheat_3ff00000000000003ff00000000000003ff00000000000003ff00000000000003fefdbdb74bbd24f403e3ffa0ba17129.mat,444064,1f2bb208eb951fc2f89c5bb745e3db36569bc31908d2e214bdbd98d510966718
Code\results\energy6_coheat_3ff00000000000003ff00000000000003ff00000000000003ff00000000000003fefdbdb74bbd24f4044000000000000.mat,248557,94dfa6db368619422850cb415af40ddc73bf87cbbaa3f352b22b59b549f8efe5
Code\results\energy6_coheat_3ff00000000000003ff00000000000003ff00000000000003ff00000000000003fefdde7be7630844044000000000000.mat,248701,58347498ad034cdba94a816415fd804a36b41dcd60ba0497ce68ad848285e20b
Code\results\energy6_coheat_3ff00000000000003ff00000000000003ff00000000000003ff00000000000003fefe881d8ad48b3404056ca30d1fdde.mat,249281,3ca74c5bc08cb3420087f030061b4d6c611bf42ed59addaf260d63b408b23e63
Code\results\energy6_coheat_3ff00000000000003ff00000000000003ff00000000000003ff00000000000003fefec3dc28ec3f94044000000000000.mat,248715,939d1dd93b3425818c4a3ad8ab9a3bf27cff46c81c0908eddddb8e9ba4e9bdc9
Code\results\energy6_coheat_3ff00000000000003ff00000000000003ff00000000000003ff00000000000003ff00000000000004038000000000000.mat,443075,2d0b750785076b775a78cf3eaa8a84c67c49df165540e6288f1c96d9658bf876
Code\results\energy6_coheat_3ff00000000000003ff00000000000003ff00000000000003ff00000000000003ff0000000000000403e40f6d40753b1.mat,248699,0c774aab19024a40823284171485424b45e846bab33ac7771b9fbfa868b18976
Code\results\energy6_coheat_3ff00000000000003ff00000000000003ff00000000000003ff00000000000003ff0000000000000403e6e5892dd6f9e.mat,248696,18196367a62cc753e7bf9cd0cf665b102d6aa497ffdafa4ea844ecca0d38d840
Code\results\energy6_coheat_3ff00000000000003ff00000000000003ff00000000000003ff00000000000003ff0000000000000403f8739796c3c9c.mat,248696,920a4fb44e28d83b5fad02c4b27cf3e4be2cae80c4a204c541b7ab2901c7050a
Code\results\energy6_preheat_3ff00000000000003ff00000000000003fefe353f7ced9173ff00000000000003ff00000000000004046800000000000.mat,314288,ac1e22656cd2b3149d186c5819cac77dcdab77d15952f2400c327cb750b14512
Code\results\energy_search_audit.md,2419,c86461875414134e2f3adbba554c6994526a2d66158e6f0f89a6cb0fac411f95
Code\results\energy_search_followup.md,3291,f628035c5aaa8b44b8fbbb1adfd58ee90a6e03402d21f538bc461b89a318dae5
Code\results\energy_search_round3_audit.md,2898,eab84286e5680f0de5613da8edaa85f4bc0136daa368e202367b99c3c0b8161b
Code\results\energy_search_round4_audit.md,4548,275093f86711d1cd6bb97ec432c1b6c25c29a437330c6f0fe8165505ca2c1cf7
Code\results\feasibility_25s_report.md,3305,0383a38b0a4909cdad3aefc5619db3b3ef7197cb6bdbefa14b618a3af6d0ba96
Code\results\joint_de_run.log,12957,7846ac6f453b6336f64aefb2c09b4affee1f835d1892c8b954a0580568101ed0
Code\results\joint_de_run.pid,7,55f506e5f663a97519851f256e40799ff73cf1ca86f1b2604c84e304e780dc3e
Code\results\long_budget_and_table4.log,1925,f265d21c1351e14d96114a1571477944dc7aa9855b0bce3d49172fae9143f3f9
Code\results\margin_and_verification.log,2100,216d4f8d0b6a73fe4c91730f697b948aff1bcf56853f85998a13e5444fb0b6a6
Code\results\multistart_cutoff_run.log,2810,61d8ee237471153ad85092a08cf9832db0dd6222c1e71bb2e5dca8353bcfc229
Code\results\multistart_run.log,20513,1f20b26bc944997272f9dfe02b0554955057a9e262212e47eb5b71bac0e495e2
Code\results\multistart_tests.log,9144,a59e395588bc09a2a60acf2f030ee0207949046dac8c4fa9c91faef81ce82fdf
Code\results\optimizer_followup_tests.log,8411,283f53bd3687151af1ccfa1af0fda315cd3f2caa98f8eeb12b679af140f81409
Code\results\preheat_timing_final.log,1532,489842062fbf415954669c24868b723f382798ef5dc73a909e2950e5db9d6695
Code\results\q3_25s_duration_probe.csv,149,42be94a62e67def099e4afe41e3a4c389e51d6f5af92377ac6762422171ba1a8
Code\results\q3_25s_gradient_probe.csv,423,04addca78c96d78ce7322d9b03d43f1e6633656c0513c147160d8c6af9c73918
Code\results\q3_25s_probes.csv,689,b7a81a01be7584124a6c8b527acc428ecf4fee8df16b93bc1a521b3f3b6aeb5f
Code\results\q3_25s_probes.mat,46544,c51ac9111dd794f823f8d85b0515db154b5f6cea945cef717f2e8b6c0c1ef577
Code\results\q3_budget_case_001.mat,426399,ce1b790fafb2cd68edb762383a3b540de5d9f48e3b52c1e6dbad468143c1f6a4
Code\results\q3_budget_case_002.mat,427724,79073c104d43e9fea8a5785f2e2a4cc10160415d8dc2b3e09a3ee782e4ed18d1
Code\results\q3_budget_case_003.mat,430586,278f43d5b83e1154b29e86918f77b0ba3c0ebb3720641f3503ac9a305f422731
Code\results\q3_budget_case_004.mat,432652,54c5b7f479935e9e7f34775c14503e225fe6f4981a6cded73893312f3fd581db
Code\results\q3_budget_case_005.mat,244990,b98e637261950320832202e2cbe1314a76ac3f1c8ad594d1146364bbd6a6d8b1
Code\results\q3_budget_case_006.mat,243981,5b7990bea6d17063c36e44d73b82169b21f95434ff7220af62dc260121caf151
Code\results\q3_budget_case_007.mat,429014,fd8f1d5c1c5828e5b9a2ad899eac2d7147fd95a39a42b6a158ebd2468e1c748d
Code\results\q3_budget_case_008.mat,423700,8c976c6e4e5f7867540e8747172c3f5b96d90d3108f66652e53a8bb6e90bdc73
Code\results\q3_budget_checkpoint.mat,273114,e5c77c69049f4af1e71195223b32d0cd2dd7eab952c3f8bad5ce71fedf237780
Code\results\q3_budget_history.csv,861,389cd718071f1d673d0f135b12dcdc7c8e9e374f74d112788524dcbc99695331
Code\results\q3_coheat_duration_refine.csv,262,8277fbb443c90e5cb1c9491808b2a728be2715f47b492674ca46d63fface0293
Code\results\q3_coheat_question_same_coarse_grid_validation.mat,236012,e9e76513460402aee452214e06634aef76fbc62c787ddd147ae24854d2ff0c6c
Code\results\q3_coheat_smoke_question_guide0_seed20260925.csv,1120,5635626802ea9686c893d1c75763c80cc8e99a4129c4600c479777a879a8437e
Code\results\q3_coheat_smoke_question_guide0_seed20260925.mat,63712,34ca54d8937e264130fe6d0526a95482638343bd3db604f95ae36a6037f517cf
Code\results\q3_end_margin_01.mat,112953,986cbc63b1096fc46e1d2d43d7d79033a4a3a65c747921341bc853aad6cffc6f
Code\results\q3_end_margin_02.mat,237256,bf0e97e1d757bb956e70e50caca0f45c11b12f42cce1c764c04aee6e5ab33416
Code\results\q3_energy_results_report.md,3385,2093e360cb6af7733cf657868ca7b4556d09bd26fd7aeb0ba28b3b718fae2a42
Code\results\q3_final_energy_table.csv,764,5f185b46ac15c6f06def805b882419105b89f52fb6e056b60dc03c63456747a3
Code\results\q3_final_energy_table.mat,987091,a5a1be63715662f6e620e9e3d9977f4d2e4ce4b1f9879472da8304695b3d6bd3
Code\results\q3_heater_off_diagnostic.json,1383,62bb26335728851dbd3d9bb437ee25b2d948e9a23f2c1500fe41d02d5a815756
Code\results\q3_heater_off_diagnostic.mat,764,0d2708ba260830c83068c00e415cf3b7aeffbee8b73ad17cf30bfd12bc5b53c8
Code\results\q3_joint_de_checkpoint.mat,587858,24b59842aa8ae343619e2c18ec81622bf4ad2e25dfa4bf6e07e9cc4662ef14fd
Code\results\q3_joint_de_history.csv,2884,2cfaa7d6dd3e88d42d3d1aab0f9b8d94baaafbb89b7ff066be58097cbbec91b2
Code\results\q3_joint_probe_01.csv,238,dfbedd26afefb07730e8bad89b46e448c2a18ebbcf2eea1532b9b0a23514c5b5
Code\results\q3_joint_probe_01.mat,431035,e1a598adc7cd6fe3688331d9781aef9c2d608b97424fa01b5c692fe83340c3e6
Code\results\q3_joint_probe_02.csv,258,43824187a5c76dba6ec1adfa9ce0332820e8a26f823c82f789fd832723e24509
Code\results\q3_joint_probe_02.mat,426479,f455d7978e99a9b33f036034defc6562f2c90386eb656d44ea994d1d59e9014c
Code\results\q3_joint_probe_05.csv,278,7bb0fb6b1310aac5a057355ac572bf3ee761b956e39e03e325a6ceed2a09357e
Code\results\q3_joint_probe_05.mat,432102,22eba12fda336112ae60456cdb468b9d533f7b51ffcfa980ceb4d4eee0cf34ce
Code\results\q3_min_energy_coheat.mat,277372,d058317fe02d1751e9ca3ed6634c82c7b3d9b10e056bdde434b717ad9a3a04a0
Code\results\q3_min_energy_coheat_history.csv,1806,bc09f57eea4b23045efbe7d73231bfb0ac82a65fc2f15e17ae39f7de4777f8c4
Code\results\q3_min_energy_coheat_retry.mat,482,780c42e802f0345bc34621939405af3128e78a12902f2406ee1812a1a5e797b0
Code\results\q3_min_energy_preheat.mat,292511,169a206ffd3656322b8ad742861c4874be4d9caf638606c7901959472a4547df
Code\results\q3_min_energy_preheat_history.csv,1434,f45a4e0fe7737aebbd1d0c5385e0edf1867a6b59de02a80c0bb093e99ee73ffe
Code\results\q3_multistart_01.mat,2417414,53c867196289fc615a38a2c820204e52d2706076c876bfba896e76e0dc9446c9
Code\results\q3_multistart_02.mat,3152330,5d39379fb9692dd64d13c3c58a809a24da7a5a7d1005f8226cd57442a3f91a0a
Code\results\q3_multistart_best.mat,243261,eb648d1a9af8e405b7847d95edf7222444f93cbb55bf0dcc826fb947be09c25c
Code\results\q3_multistart_cutoff.mat,271042,ea7b86b72082de85eec3bd0154b95ef2e45f494639e94b7c568e799122566c7c
Code\results\q3_multistart_cutoff_history.csv,920,3e916efb25081788d58c42f5cb80985168c9115caf342e0ec70309c659ee766e
Code\results\q3_multistart_history.csv,4559,077e2e3803c0cddfaba64373caaa30887c8b5179296fb72cdb758c0c8d3f7d45
Code\results\q3_multistart_manifest.mat,4540070,689cd755a6cb7789a7dad0490478a03d03f7c4cb7300f386672b5e03582616a7
Code\results\q3_multistart_result.mat,5807493,fca5146f2e867de9c3b515b176e7b6fcccf1e1bb30981810e76737142fcdbbb6
Code\results\q3_multistart_stop_01.mat,439048,66d2c9660ad1dabc85af9f60e729c5fe2c8b6760c9f1e607a6fca37d4f5392a4
Code\results\q3_multistart_stop_02.mat,439018,75670a8c2c4d0c162b14b46b42722628e9cca818c0588fa23291417544b6b039
Code\results\q3_multistart_stop_03.mat,437351,3daad2e2a9de0879b3ec81ae7687e9692b80d9aa9af0475c26901ade29af67c5
Code\results\q3_multistart_stop_04.mat,437444,3431f0c859c6abcb0e06c273ddea3dd125af810c395db2394f0899fa6d40d86d
Code\results\q3_multistart_stop_05.mat,434463,7d91bb246c8f3778171f96cc507d4a9a772c71c82e1fecf949e37b590d8d400b
Code\results\q3_multistart_stop_06.mat,434401,2b5904dd55b5c47f4dc4a34c518e8ac48784828f9a0a1dee3ce1109d83eb5082
Code\results\q3_no_heater_specified_current.csv,222,c68f01a6d6a5568468149718986690d98f19630c19bc469ce170635a401f9015
Code\results\q3_no_heater_specified_current.mat,598219,b754a3548c32509ca98aca259e803efbabb7d05c69d87ee8b16ad25f5d8cd70d
Code\results\q3_preheat_question_same_coarse_grid_validation.mat,254067,109fdabfe424f00cb4798708ddb45b349f886173f4756f06f0e818c6f1d172d2
Code\results\q3_preheat_smoke_question_guide0_seed20260925.csv,1169,9574d9461d155401b07b7a480a4e00e401fdc5d5fc540f56bc13a5589d677c60
Code\results\q3_preheat_smoke_question_guide0_seed20260925.mat,70136,0e3bf2a127f168ba7456f05dc7f14118f368d14ce55f03fafe370951adb471cc
Code\results\q3_preheat_timing_01.mat,986356,aaac5aa7857f8ea211145b26b72264b87b05356eca166314aae71ef06189b6f4
Code\results\q3_preheat_timing_02.mat,986409,41ceeaff11fb44d4ff163dd0e49b13fa00a5af1627562a334b7c80337c5476a2
Code\results\q3_small_allocation_01.mat,236516,084e14f31175adb5ed083916c4ba0534c13582cbe98fd40a6859dfd26f915960
Code\results\q3_small_allocation_02.mat,237495,19ab8f3bad280985753d7fa6113fe9d8eae7826af60d974c3ee922eda7f928db
Code\results\q3_strict_verification_01.mat,257473,96e24c745764ec159c7753b1a97f61c3721da6083c02346c92c8d6437b0477f3
Code\results\q3_strict_verification_02.mat,243858,4e874e4ae9c73a0c441d123ae455b0f3d3847ff8b60e4ebc65614d403490f579
Code\results\q3_strict_verification_03.mat,244102,fc23b78526467e4329905ec09ae65db84040f64181202f007f409ed17e080541
Code\results\q3_targeted_001.mat,243861,2c17c13c5a6a453be3fd889d27fa3123805413c841ab05dd1b379307107c938a
Code\results\q3_targeted_002.mat,243839,640fb3e26712b2d5b7fcc3fab35a2e029d56d9a3ae97c6ca1b7f9d0141eb25d9
Code\results\q3_targeted_003.mat,439416,588576560165ec26dc21319a4fa370299507e6cfa2ba4916c110d44fdf09e88a
Code\results\q3_targeted_004.mat,427206,ce6eab8858389ab47ef54d2628b32082fbc3bc9904aefd94e03c0f2985869cde
Code\results\q3_targeted_005.mat,426614,2c35b8f1191eec09744ffa0b80748e8776f8956bebdc66ea388be18f99b8785c
Code\results\q3_targeted_006.mat,309592,0307580bae0798da2620117fe0a76ec0d5a4d59088eccd6c0a9f781de3fe7a03
Code\results\q3_targeted_007.mat,244021,8b88f0838a518b849d837c2dfd658ea28de6ef599c3a6e9e73dfb30dbc2988a0
Code\results\q3_targeted_008.mat,244938,c364e48de45adc8526534aa6618eb9b8bab4dd502706afeacc6b3e11715c6071
Code\results\q3_targeted_009.mat,244002,94c40dde77ac377d05a312bbacb475eca8adfe929658c16465b921985983c500
Code\results\q3_targeted_010.mat,243842,3b0625cf86632fea17cdf8d7c0dbef2bda7cf6c849d767f322dbe225153bd5a4
Code\results\q3_targeted_011.mat,243990,c6868db50477ba8e36f973750692fa14158fa80c8514d08f8f6d6155c60086f4
Code\results\q3_targeted_016.mat,244027,46222100573ed918a04afddc25dcfcc6df1b011aa95a4dc405609efde14b26c3
Code\results\q3_targeted_checkpoint.mat,776142,9cd96c0efd84a0a82d634f4262d9bc24eac9d95610e636231f37304048e59579
Code\results\q3_targeted_history.csv,1780,03137d4836afe4f5e36bee1d38c0b17bd98c5f78d2f9de3a51a6e8de7cac8aa7
Code\results\question_source_extracted.txt,22365,8b0be7325eebf8c50ec19fb745dfceec599a8ac8ff2555adec1af799bdda0d6c
Code\results\question_stack_figure.png,1684385,df7d07512304813e2130cb6b3bb3a0390b2f45080728aab754590331e17887fb
Code\results\summary_question.csv,563,c8f833afd821741930d4c44e92002ece32744a0918323113082f747b460cc1dc
Code\results\table4_pdf_preview.png,7906,1cad8b1735261e84e94a661975497de3a7b4f32cce97f30d6c73ca3183c69c1b
Code\results\table4_pdf_render.png,119606,ae53a24d1906ed5f5eab49e92afa807da68f5d0f9306044b870143e136fb3827
Code\results\table4_preview.png,26821,2e47d5254f9f65766b1b32aea9dfdb50a3b5eee449681c61e4e4f3de6551742b
Code\results\table4_word_preview.png,119606,ae53a24d1906ed5f5eab49e92afa807da68f5d0f9306044b870143e136fb3827
Code\results\targeted_final_verification.log,1580,36852cc4973c3a0b39f18667dd250f9b6c3caed4b06b8ac8b92481e5b6d06d77
Code\results\targeted_search.log,1748,b5a821e9ad6a21cef7eb7f5a81281c99caf50302d8e8367967c73ff25a646154
Code\results\thermal_allocation_screen.mat,18524,7763f14181e30f3acb17551955be1e611c484623e360f06b9223182c5ac0e7b7
Code\results\thermal_balance_audit.log,821,67fa3deb8f2c1a4e41135e81b74957b7e463a279875711b9fe9d9a09a80eb147
Code\results\thermal_model_scope_audit.md,3393,f551fb2de404101febcf0610e59925e14ea555d568527c913730a64e30d54bdd
Code\results\time_neighborhood_search.csv,1623,1d0c6c87d65ccc69f7970ffcfe2fc835ab6166c5c8b90ff0f458634bac0bc1f6
Code\results\time_neighborhood_search.mat,512323,7aee4506343a375f4796b0d7f1a7a10e018295eb0f358ad929bdc4b1276d79a9
Code\results\time_numerical_check.mat,704760,69ced6c32517130f85d2da28b10c0b4870da4a0c5edc4419cd574c6dd68723da
Code\results\time_priority_candidates.csv,639,51171ae993aa2a1660e1c70a0a24f52348608a25ee8910654bed80dfcaa5424d
Code\results\time_priority_candidates.mat,972457,c45b7cda61dc4c034685b86560713990e9692315ae27eddc12e06df015929f4a
Code\results\time_priority_report.md,3933,b96f7631d60fc833ef2d72d4e691c8d7a9fc0607b8f4c867f2a8a8dcfa638433
Code\results\verification_report.md,2941,11525bc22e493a4f52e22b9b58592e9f9884fc423f23fb9cb3bc464013eda42d
Code\results\表4_辅助冷启动优化结果.csv,497,3763f20901a4c38caf7d7fe11f16df09b54cee5a7f82e459caf69be55058543f
Code\results\表4_辅助冷启动优化结果.docx,14188,9221c3751079740450f717fdb5105624cfbbd125beb37976aef0d25549a52bfe
Code\results\表4_辅助冷启动优化结果.html,2026,d266a3bb8aa54db0c068e8895a188bdf2b827bbd7c5bb3ff247433b6302f8bc2
Code\results\表4_辅助冷启动优化结果.md,909,c2a4eff09774f52fc9316c9e1bb3f4fea0d4cb5e503d272dec33bc6618b3d3bf
Code\results\表4_辅助冷启动优化结果.pdf,110363,b8402bc81e9458038bd4a10fe8d3c194624a466fc2ad2c276bc71401118dc414
Code\run_ice_model.m,5185,d8425f53f59fedc6a26d42836b42d8a9068d995af5b0dddab4a932148aec79ca
Code\run_ice_model_voltage_losses.m,9503,15bbb07e2dc3de09836cc3397d077fbfeaaf4744576378049d326e8f6d962a47
Code\run_q2_constant_current.m,8112,ae7d218c1d5ea28c85f9a28d525c828fb3d9d1b6aadf1a1dbcf33ebaaa967520
Code\run_q2_linear_current.asv,7933,77a71614695e81d3b3a018634480b38d1e91b0a0a25e4e81e6928382d6c1faff
Code\run_q2_linear_current.m,7934,64bb8d1242153f7e8e2b387cddb06b6591019a4eefc69d94504632c0fb98e386
Code\run_q2_model.m,4029,54aa126c78a6b6f3db323ba9cd752b718e24eea3ef70be70f62acf466b3a6968
Code\run_q2_step_current.m,7976,a137202fe34882b4981dc2122fb98156206d81406b09fb7eaed04af70b50afc0
Code\run_q3_energy_optimization.m,910,6f9367ce122ff5fb1be2bb50e5c79e8ecf85a4d088e47a71dff78820e4fabb83
Code\run_q3_model.m,4175,0facc94f49a15ca46bcfa17662e7130e90d176ea57b70815c777695c88d6ea45
Code\test_q3_auxiliary_heating.m,2578,9c7b17bf7952092b9f7b6b48164075e6ba6b4822de2b9db210d9e58c3707a214
Code\test_q3_energy_incumbent.m,951,344d495aef9957e831439e2041cb86b73884868fc3948c6beea532b9a53c064a
Code\test_q3_energy_retry.m,1101,c1ac87684617ff37b0ea09e6db867fcb938c63b4e6c258f3c28068f348386949
Code\test_q3_heater_switch_integration.m,2293,da513534650f7a9a0ca80796955e64ccdcb621e4c46e23d883628946615cad17
Code\test_q3_joint_de_energy.m,5290,45bb792cbb2672791959289819df34c9bad7e787cc5b54e57d0afa0af8e8e9b6
Code\test_q3_multistart_initialization.m,1398,54dad08d1714e37c79a4e56573f283f6818b64d784f567f7627a74bd04397a4c
Code\test_q3_optimization_contract.m,1208,7ec9836fedf63e9cfbf51004bf3cb772c461ea9863771d095daf36141349c801
Code\thermal_temperature_state_ice.m,17599,263b333d4b6770bf7533dd25bf534b916a150ebfdbd7f8edbb81b2791da364c0
Code\trial_q3_freeze_parameters.m,2781,7df822fb827ef447f80805aca9d924c772a83bbaa5f2601f18ebbc2b510b99d4
Code\water_ice_state_ice.m,33238,ec9008333d0f83e7696d431369621d267d84a0578ba4b44b8f17808e72ccd7ac
README_先读我.md,3046,a1c5434abe823bdcc3911a08e02f0b5c318d6f230214ed9d0195631d2e67c191
交付核验记录.md,668,07160eb2ebcf96e1c343a507543c30c2b4d328f185a31dd3f455a29ef22001da
依据与审查\attachment1_parameter_and_bipolar_audit.md,8759,ea40cf83ce9d1746b6ec617a697b448b4ede0c8c555aa4e74c218fbbeaf929f3
依据与审查\energy_search_audit.md,2464,61fd8fd3f81c069f9f0e87a68300a6d8e25eca5b6ec01a3bd3594ef61f712ef4
依据与审查\energy_search_followup.md,3320,7a1f736cc01a5bde6286b3fd013733147fdf54774f437ed98ce586321b2ca39f
依据与审查\energy_search_round3_audit.md,2928,0201cb3bef6283925da9919c2ff5e568f725cd85776a4392b866d782b46ad73a
依据与审查\energy_search_round4_audit.md,4595,39b15039207cee0995be1c055effa8ab6136e2fded80c1bff188b229ec8adbda
依据与审查\q3_budget_history.csv,861,389cd718071f1d673d0f135b12dcdc7c8e9e374f74d112788524dcbc99695331
依据与审查\q3_energy_results_report.md,3422,169aef8c51ea9f5d03dcfc768d6d10bd81db6e51bd90acd045a3f0617dff94a3
依据与审查\q3_joint_de_history.csv,2884,2cfaa7d6dd3e88d42d3d1aab0f9b8d94baaafbb89b7ff066be58097cbbec91b2
依据与审查\q3_multistart_cutoff_history.csv,920,3e916efb25081788d58c42f5cb80985168c9115caf342e0ec70309c659ee766e
依据与审查\q3_multistart_history.csv,4559,077e2e3803c0cddfaba64373caaa30887c8b5179296fb72cdb758c0c8d3f7d45
依据与审查\q3_targeted_history.csv,1780,03137d4836afe4f5e36bee1d38c0b17bd98c5f78d2f9de3a51a6e8de7cac8aa7
依据与审查\question_source_extracted.txt,22365,8b0be7325eebf8c50ec19fb745dfceec599a8ac8ff2555adec1af799bdda0d6c
依据与审查\question_stack_figure.png,1684385,df7d07512304813e2130cb6b3bb3a0390b2f45080728aab754590331e17887fb
依据与审查\thermal_model_scope_audit.md,3425,c986fc3c941160dcb0ef41687161c0fbc004bc58ddb0074ceafc6a064df33520
复现工具\export_log.txt,218,8ff814fb7470a66e7b98aad7fbda1718d27507fcc13f7dde5fcaf787b29c9578
复现工具\export_saved_trajectories.m,2287,2e38095e4adfe32ac38704da6e84e38803d267ffa4766d11dd0035b361a7ab37
复现工具\reproduce_selected.m,918,74085f598e59271092f9f8d660a4be6abe7cd23d4173f951f51986a583a3803c
复现工具\使用说明.md,834,32e7c025347407a687456ec0480fb6fcefa44c85494b64f070f5b489d5823f77
正文素材\01_题意与数学模型.md,5091,40069e3fe73c9ef3267c8edebb7d739d3de56ce4e075a442d93b5a06c7cd627d
正文素材\02_优化算法与复现.md,4644,5ab11d583011c5721c8d44706382d05623213db60b5b5bb796ce851dc75e18fd
正文素材\03_结果分析与可用正文.md,4204,6e675a3f990bd004d0d31f286cb31080bbf8e6a847ba5211a792fcd039622edf
正文素材\04_图表说明与答辩问题.md,3149,82b1858ce30de0b255716edceec55aec9912d0b7371c06851f5a9554f663de11
正文素材\05_局限与必须核对事项.md,3442,d57cb50fe780e9da00f64bedcac9d18d7a07663320fdcaacb1174343b8835f51
正文素材\06_符号与参数表.md,2726,3a2f37a5f0ac48d474f6be38f0453f5011c5a8b470403cc771f0e8a755a748c4
结果与图表\coheat_fullpower_trajectories.pdf,18539,e53ecadf39f97384a677d78cfd5a6597792a7f441e1763ca849f729e8027f8f7
结果与图表\coheat_fullpower_trajectories.png,140035,8b3f424017b8a6317316b0897c5dc69d15d82cf7997d1209293bfebc53159cdc
结果与图表\coheat_fullpower_trajectory.csv,22561,ef1f4ccaebc41671046176331afd9eb1981db1fc09f88239896fe1e8b177f346
结果与图表\coheat_trajectories.pdf,19102,a9d2e7b3e7ce2a19ab960600d8616c42b38cf74eec9446abbfe34f35ba7a54ca
结果与图表\coheat_trajectories.png,142005,9980bb08113a3f763b67bfd6c255eac7b4a87ddaa98fe9103de881c922cd44b4
结果与图表\coheat_trajectory.csv,23316,3db25d2855af133ca46898faf8027a01122e9b88700e982b73ce8bfdf7c427b9
结果与图表\preheat_trajectories.pdf,18144,b11c6670a3e9d1cf4ff1d0e93a361f8e403c0f3b5470a83b084db43e0b375d43
结果与图表\preheat_trajectories.png,127763,cb9c7514c61af74202854e518e44ba1f85e3951ad540d969700971a59ff4d261
结果与图表\preheat_trajectory.csv,23559,58287bcea622f727f3b0f272bcd2743a1451323047853e827ea79a7cf5f276d5
结果与图表\q3_final_energy_table.csv,764,5f185b46ac15c6f06def805b882419105b89f52fb6e056b60dc03c63456747a3
结果与图表\q3_final_energy_table.mat,987091,a5a1be63715662f6e620e9e3d9977f4d2e4ce4b1f9879472da8304695b3d6bd3
结果与图表\q3_heater_off_diagnostic.json,1383,62bb26335728851dbd3d9bb437ee25b2d948e9a23f2c1500fe41d02d5a815756
结果与图表\q3_strict_verification_01.mat,257473,96e24c745764ec159c7753b1a97f61c3721da6083c02346c92c8d6437b0477f3
结果与图表\q3_strict_verification_02.mat,243858,4e874e4ae9c73a0c441d123ae455b0f3d3847ff8b60e4ebc65614d403490f579
结果与图表\q3_strict_verification_03.mat,244102,fc23b78526467e4329905ec09ae65db84040f64181202f007f409ed17e080541
结果与图表\图1_能耗与启动时间.svg,2609,1ed716c14bd2d73e9222574b7745fb36db9e8719d4a82cd4e53f3eb1b876cdc4
结果与图表\图2_启动时温度分布.svg,2540,baf26946d324a38f22a528efad840557bee27eeec05069fb1a6f7d2563f534d6
结果与图表\比较指标.json,173,043114db692b925fdf9e43e7a07696661b295cb56885424200c06e372b36ffe6
结果与图表\表4_辅助冷启动优化结果.csv,497,3763f20901a4c38caf7d7fe11f16df09b54cee5a7f82e459caf69be55058543f
结果与图表\表4_辅助冷启动优化结果.docx,14188,9221c3751079740450f717fdb5105624cfbbd125beb37976aef0d25549a52bfe
结果与图表\表4_辅助冷启动优化结果.html,2026,d266a3bb8aa54db0c068e8895a188bdf2b827bbd7c5bb3ff247433b6302f8bc2
结果与图表\表4_辅助冷启动优化结果.md,909,c2a4eff09774f52fc9316c9e1bb3f4fea0d4cb5e503d272dec33bc6618b3d3bf
结果与图表\表4_辅助冷启动优化结果.pdf,110363,b8402bc81e9458038bd4a10fe8d3c194624a466fc2ad2c276bc71401118dc414
论文素材汇编.md,23423,92c9d2d6e65fbafc5977bb1d80e42e63b0f14b8a62a8444f93caca0cf1365212
