time_s,current_Acm2,charge_Ccm2,T1_C,T2_C,T3_C,T4_C,T5_C,V1_V,V2_V,V3_V,V4_V,V5_V,ice1,ice2,ice3,ice4,ice5,E1_J,E2_J,E3_J,E4_J,E5_J,leftEndplate_C,rightEndplate_C
0,0,0,-30,-30,-30,-30,-30,1.26757744798628,1.26757744798628,1.26757744798628,1.26757744798628,1.26757744798628,0,0,0,0,0,0,0,0,0,0,-30,-30
0.5,0.0025,0.000625,-28.9521863329625,-28.4193639978629,-28.3860831973926,-28.4193639956025,-28.9521863291862,0.859524655257957,0.858612447915737,0.85855120296423,0.858610292999806,0.859519161055148,0.000131867958662627,0.000130922471685455,0.000130906792704369,0.00013092234218376,0.000131867691586494,12.5,12.5,12.5,12.5,12.5,-29.9926378530216,-29.9926378530105
1,0.005,0.00250000000000001,-27.9706527494414,-26.9039042719644,-26.786738721532,-26.9039042425859,-27.9706527011831,0.822512054121116,0.820681911371863,0.820468751399972,0.820674937126212,0.822494105893236,0.000515016549868448,0.00050773136798119,0.000507406696560803,0.000507729248936332,0.000515010412356088,25,25,25,25,25,-29.9713288205223,-29.9713288202344
1.5,0.0075,0.00562500000000002,-27.0463277850867,-25.4474769014417,-25.2135791928368,-25.44747677302,-27.0463275787176,0.797938190998171,0.795253567682369,0.794838966241612,0.79524015778313,0.797903736152324,0.00113090261961682,0.00110680071957394,0.00110505541742138,0.00110679448936987,0.00113087664052714,37.5,37.5,37.5,37.5,37.5,-29.9371270594604,-29.9371270575886
2,0.01,0.01,-26.171598584925,-24.0456564251818,-23.6740862554297,-24.0456560665603,-26.1715980222477,0.778737558337604,0.775267881888508,0.774628016765252,0.77524702337462,0.778684441581926,0.00196374517524692,0.00190752558638208,0.00190200172294633,0.0019075194837752,0.00196348618362359,50,50,50,50,50,-29.89095625946,-29.8909562525575
2.5,0.0125,0.0156250000000001,-25.3401056906913,-22.6950187068091,-22.1729344041386,-22.6950179149191,-25.3401044619177,0.762705359218766,0.75851614001023,0.757642029133883,0.75848728802797,0.762632779504645,0.00298080373627987,0.0028886214320801,0.0028757739939249,0.00288470720131913,0.00296038449173436,62.5,62.5,62.5,62.5,62.5,-29.8336301856196,-29.833630166817
3,0.015,0.0225,-24.5465488292173,-21.3927367594167,-20.7128763190887,-21.3927352307021,-24.5465465314764,0.748856084282609,0.744005177233576,0.742895858252078,0.743968183582918,0.748764266791121,0.00409627433748933,0.00398457061355975,0.00396258376707146,0.003964126382561,0.00403978053570117,75,75,75,75,75,-29.7658704158635,-29.7658703733708
3.5,0.0175,0.0306249999999999,-23.7865106769927,-20.1363497454756,-19.2953342599673,-20.1363471189771,-23.7865068569571,0.73665323526644,0.731189565272169,0.729848027481814,0.731144635282698,0.736543219211988,0.00527727382113766,0.00514644359896103,0.00511389364834498,0.00510444120968213,0.00517723750895573,87.5,87.5,87.5,87.5,87.5,-29.6883209983547,-29.6883209145892
4,0.02,0.0399999999999997,-23.056301254149,-18.9236307955678,-17.920802508742,-18.9236266726932,-23.0562954328301,0.725761929526281,0.719725661185232,0.718156562952674,0.71967329787717,0.72563539575754,0.00651810353143087,0.00636658179714717,0.00632213370551341,0.00629914887895413,0.00636831922489335,100,100,100,100,100,-29.6015607220247,-29.6015605731642
4.5,0.0225,0.0506249999999996,-22.3528256385514,-17.7525121036228,-16.589124947292,-17.7525060655128,-22.3528173371603,0.715950177703501,0.709373725686621,0.707582233205461,0.709314668457718,0.715809301620744,0.00781679721115685,0.00764283411275334,0.00758531653167688,0.00754645901647938,0.0076119446989871,112.5,112.5,112.5,112.5,112.5,-29.5061131965666,-29.506112952463
5,0.025,0.0624999999999994,-21.6734737295844,-16.6210429170056,-15.2996896816725,-16.6210345429559,-21.6734624950056,0.707043970990192,0.699953439700819,0.697944741549114,0.699888603969944,0.706891293248243,0.00917204932252143,0.008973605409411,0.00890194638886934,0.00884514107327928,0.00890769138501393,125,125,125,125,125,-29.4024551023334,-29.4024547267839
5.5,0.0275,0.0756250855311555,-21.0160312368617,-15.5273689568044,-14.051570577704,-15.52735784986,-21.0160166656,0.698905026621915,0.69132743382433,0.689111391046751,0.691258329424131,0.698743341247669,0.010582984871367,0.0103575966287401,0.0102707504943007,0.0101942498115946,0.0102555156724898,137.5,137.5,137.5,137.5,137.5,-29.2910223769964,-29.2910218283522
6,0.03,0.0900000855320335,-20.3785998714621,-14.4697096074954,-12.8436161231111,-14.4696954152002,-20.3785816426505,0.691422720196017,0.683390907807528,0.680971413988378,0.683318578453457,0.691256153594338,0.0120491564687841,0.0117938307168898,0.0116907213070783,0.0115931474483487,0.0116557500160674,150,150,150,150,150,-29.1722178670942,-29.172217099222
6.5,0.0325,0.105625085532033,-19.759546988109,-13.4463657676128,-11.6745384767385,-13.4463481790208,-19.7595249065929,0.68451861309075,0.67604374992377,0.673425130911089,0.675969221728103,0.684350399558376,0.013570604616578,0.0132817624204896,0.0131612180897677,0.0130416179421308,0.0131091765564054,162.5,162.5,162.5,162.5,162.5,-29.0464126779434,-29.0464116418255
7,0.035,0.122500085532033,-19.157451546197,-12.4557052364398,-10.5429554439399,-12.4556839990963,-19.1574255012481,0.67810916715836,0.669202618023455,0.666389713525434,0.669126950078878,0.677941965350895,0.0151479330303988,0.0148212965281805,0.0146819551457264,0.0145398854456945,0.0146170646484437,175,175,175,175,175,-28.9139519886306,-28.9139506338412
7.5,0.0375,0.140625085532033,-18.5710668590405,-11.4961627691336,-9.44743270191225,-11.4961377094649,-18.5710368191082,0.672123126256335,0.662796815545936,0.659794821647829,0.662721057424181,0.671959760274152,0.0167820577295552,0.0164126743190251,0.0162529150147618,0.0160884791490806,0.0161764401382708,187.5,187.5,187.5,187.5,187.5,-28.7751575726139,-28.775155848494
8,0.04,0.160000085532032,-17.9992902450572,-10.5662383839596,-8.38651303694701,-10.566209425412,-17.9992562378844,0.666500695246547,0.656765980570197,0.653580371272698,0.656691162358361,0.666343985839228,0.0184733100222853,0.0180562287809285,0.017874202097307,0.017687984734438,0.0177762519287642,200,200,200,200,200,-28.6303303339231,-28.6303281905259
8.5,0.0425,0.180625085532034,-17.4411385056819,-9.66449568802557,-7.35873776918919,-9.66446285300498,-17.4411006153602,0.661191466740784,0.651058307100186,0.647694752926738,0.650985434072754,0.661044168987279,0.0202212445220782,0.0197524541853121,0.0195461332541507,0.0193391386765062,0.0194071402336592,212.5,212.5,212.5,212.5,212.5,-28.4797524268341,-28.4797498157046
9,0.045,0.202500085532035,-16.895728122468,-8.78956009467578,-6.36266236648112,-8.78952350708016,-16.8956864971586,0.656153100894863,0.645629116825224,0.642093385555409,0.645559175779914,0.656017899714189,0.0220243564144632,0.0215020917747242,0.0212693316518536,0.021042917208309,0.0210626272579559,225,225,225,225,225,-28.3236890386563,-28.3236859136242
9.5,0.0475,0.225625085532036,-16.3622595916795,-7.94011734254428,-5.39686812505016,-7.94007723794368,-16.3622145746944,0.651392220352328,0.64047437239324,0.636772540511125,0.640408345073515,0.651275308491932,0.0238718281248502,0.0233062071357761,0.0230448137389332,0.0228006161080084,0.0227381120730174,237.5,237.5,237.5,237.5,237.5,-28.1623899008382,-28.1623862194313
10,0.05,0.250000085532037,-15.8400227609401,-7.11493592232114,-4.45999504548314,-7.11489274389265,-15.8399765897847,0.647727323357117,0.636336749292074,0.632482549945338,0.636275628580159,0.647709255864728,0.0257512360983224,0.0251662712375008,0.0248740784890405,0.0246139343524645,0.0244301098667583,250,250,250,250,250,-27.9960906602266,-27.9960863940941
10.5,0.0525,0.275625085532039,-15.3284372901625,-6.31294744945109,-3.55083287994256,-6.31290240387904,-15.3283997587268,0.646540745132831,0.634793898907611,0.630818293066404,0.634738715486092,0.646827846054118,0.0276589028331711,0.0270842439077774,0.0267591991348155,0.0264850600790078,0.0261357243973803,262.5,262.5,262.5,262.5,262.5,-27.8250146056266,-27.8250098028796
11,0.055,0.30250008553204,-14.8270519014068,-5.53328397081975,-2.66837034783521,-5.5332400900507,-14.8270412601352,0.64893709814029,0.637221897243319,0.633172877460336,0.637173751789903,0.64944372699637,0.0295913157431862,0.0290626573975449,0.0287029171561604,0.0284167560582755,0.0278521282587914,275,275,275,275,275,-27.6493746892478,-27.6493696081687
11.5,0.0575,0.330625085532042,-14.3355443904181,-4.77523677186969,-1.81176076481216,-4.77519683524366,-14.3355406153403,0.655699819766813,0.643954960511497,0.639887469725496,0.643915052830045,0.655670286925546,0.0315443621035896,0.0311046957904895,0.0307087365832856,0.0304124397192777,0.0295760627570641,287.5,287.5,287.5,287.5,287.5,-27.4693754617037,-27.4693703997069
12,0.06,0.360000085532043,-13.8536324217566,-4.03815304706268,-0.980217816646928,-4.03811655183148,-13.8536249704688,0.665770763735661,0.654090870500154,0.650052794320199,0.654060528185307,0.665753038725595,0.0335134428678114,0.0332142615540382,0.0327801101807212,0.0324762481331324,0.0313039706253312,300,300,300,300,300,-27.2852144916658,-27.2852094197875
12.5,0.0625,0.390625085532043,-13.3810037554473,-3.32135424740289,-0.173661846149116,-3.32132020220035,-13.3809747486141,0.677664884292731,0.666186864171061,0.662489911552351,0.666167532696934,0.677090761642355,0.0354940617924247,0.0353960140620568,0.0328976171710774,0.0346074418456465,0.033037114894722,312.5,312.5,312.5,312.5,312.5,-27.097082429689,-27.0970772314284
13,0.065,0.422500085532042,-12.917280550826,-2.62446009901987,0.605446570934873,-2.62442220065157,-12.9171809004082,0.689523290749253,0.6790006994588,0.677899160141438,0.678993579446183,0.688280572974718,0.0374874545866149,0.0376535778512129,0.0207756913079924,0.0367881522767386,0.034781739836429,325,325,325,325,325,-26.9051624266416,-26.9051564633037
13.5,0.0675,0.455625085532044,-12.4620483351344,-1.94661922626841,1.36412090063652,-1.94656649081014,-12.4618373260429,0.700641452013327,0.691737380181736,0.695243472248465,0.691743493525496,0.698799336117876,0.039497186167061,0.0399670058635372,0.0126013973853669,0.0390173209191187,0.0365386006417458,337.5,337.5,337.5,337.5,337.5,-26.709629459129,-26.7096214674871
14,0.07,0.490000085532045,-12.0148706558677,-1.28669266415307,2.10241923607839,-1.28661265089369,-12.0145171794276,0.710845272432781,0.703974387851081,0.712266828347617,0.703994965183685,0.708477359201344,0.0415248923305757,0.0423295517424666,0.00764313455787914,0.0412967042707778,0.0383081083555364,350,350,350,350,350,-26.5106500820481,-26.5106383215577
14.5,0.0725,0.525625085532047,-11.5753164934533,-0.643810926534741,2.82063209094582,-0.643625857475854,-11.5747959127573,0.720144911541541,0.71554975460755,0.728168849339534,0.715561761080178,0.717313741698026,0.0435713777698335,0.0445995047052147,0.00463579570571925,0.0435958834633066,0.0400919730746611,362.5,362.5,362.5,362.5,362.5,-26.3083824085282,-26.3083647846464
15,0.075,0.562500085532048,-11.1431273460217,-0.021694735803635,3.51911167927864,-0.0191815258705788,-11.1423229179075,0.728622755767844,0.728405644777133,0.742781087026728,0.727341029472951,0.725376728058745,0.0456369856023944,0.0360870554157827,0.00281175173197183,0.0395095507391894,0.0418928365574933,375,375,375,375,375,-26.1029770018326,-26.102950744551
15.5,0.0775,0.600625085532049,-10.718287230614,0.58391513058848,4.1975458949716,0.585391470421257,-10.717142675802,0.736381162097565,0.743723268624429,0.75614200874024,0.742333790118209,0.732756250323866,0.0477218511833361,0.0219923331632835,0.0017054136332711,0.0244198381275872,0.0437135802600951,387.5,387.5,387.5,387.5,387.5,-25.8945813920541,-25.8945418426219
16,0.08,0.640000085532051,-10.3001809496099,1.1772840524319,4.85739518316399,1.17804254704549,-10.2988015524962,0.743519704179117,0.758287795468952,0.76835743653479,0.757113933251059,0.739541382650279,0.0498261139704164,0.0133391940477556,0.00103438569650368,0.0148122079183975,0.0455570206463471,400,400,400,400,400,-25.6833363783458,-25.6832798221184
16.5,0.0825,0.680625085532053,-9.88828895480219,1.75772878446094,5.50018785346538,1.75836813689693,-9.88670909891829,0.75012828388583,0.771597844988333,0.779547817833359,0.770538319272931,0.745813362693126,0.0519501191204366,0.00809063058795697,0.000627386646282321,0.00898405997445525,0.0474260171026767,412.5,412.5,412.5,412.5,412.5,-25.4693723771179,-25.4692961177321
17,0.085,0.722500085532054,-9.48223542243954,2.32524383784767,6.12701754137544,2.32632238456188,-9.48042897599248,0.756284254273877,0.783615374708259,0.789826961109371,0.782452143210406,0.751642835080861,0.054094560777631,0.00490721563243101,0.000380529246053527,0.00544910796427281,0.0493237660533834,425,425,425,425,425,-25.2528118436226,-25.2527132616703
17.5,0.0875,0.765625085532056,-9.08171426032033,2.88018836914114,6.7387415669445,2.88195596126604,-9.07962358343877,0.762052344378351,0.794401059419887,0.799295551201056,0.793093782826836,0.757089396938629,0.0562605930344149,0.00297637673205746,0.00023080265442894,0.00330505104527778,0.0512541039287818,437.5,437.5,437.5,437.5,437.5,-25.033770808956,-25.0336466993334
18,0.09,0.81000008553206,-8.68645309515824,3.42307489238425,7.33606575137884,3.42500626373726,-8.68403288668213,0.767485778631075,0.80414327050327,0.808041321578929,0.802688340863501,0.762202144823785,0.0584499203880719,0.00180526375652931,0.000139988887315116,0.00200461480606823,0.0532175539427907,450,450,450,450,450,-24.8123596561832,-24.8122060676638
18.5,0.0925,0.855625085532063,-8.2961975370132,3.9545080074937,7.9199272579491,3.95580035314168,-8.29349043616804,0.772627775426951,0.810496201106722,0.80829956236807,0.810581553196857,0.767021229408985,0.0606648751325403,0.00109494782979495,8.49075531521129e-05,0.00121586035477669,0.0552098541047945,462.5,462.5,462.5,462.5,462.5,-24.5886835458448,-24.5884965515502
19,0.095,0.902500085532066,-7.91065796271437,4.47620856696966,8.49205551957658,4.47708760454509,-7.90770890849626,0.777513024814698,0.807173257955428,0.804988214235291,0.807281223266629,0.771579098155708,0.062908493477494,0.0006641194288142,5.1499034170379e-05,0.000737456582276932,0.0572337041099093,475,475,475,475,475,-24.362842483964,-24.3626189384789
19.5,0.0975,0.950625085532068,-7.5294793069404,4.98907164947076,9.05322192682871,4.98983657222948,-7.52629598310938,0.782169187514519,0.803754040430349,0.801666527304465,0.803876259434512,0.775901615582648,0.065184607094093,0.000402808796213659,3.1235743241808e-05,0.000447290028387224,0.0592926930493689,487.5,487.5,487.5,487.5,487.5,-24.1349304531346,-24.1346676192454
20,0.1,1.00000008553207,-7.1523430889149,5.4934645894399,9.60405198265727,5.49427552254616,-7.1489097014375,0.786618270085523,0.800275084866525,0.798370694490466,0.80040112961943,0.780009404008792,0.0674979558226127,0.000244315908601978,1.8945437792606e-05,0.000271295142313785,0.0613910235739416,500,500,500,500,500,-23.9050353748416,-23.9047304770588
20.5,0.1025,1.05062508553207,-6.77896837479096,5.98977681769907,10.1450916181308,5.990717789987,-6.77525899327458,0.790877639368818,0.796786603919545,0.795153449071087,0.796901394571322,0.783918721556859,0.0698543153490477,0.000148184979279268,1.14909803573522e-05,0.000164548699560242,0.063533602856208,512.5,512.5,512.5,512.5,512.5,-23.6732397675698,-23.6728897702789
21,0.105,1.10250008553208,-6.40910315232736,6.47839543059729,10.6768315980937,6.47951096712933,-6.40508820198272,0.794960935648894,0.793356953576394,0.792086664861435,0.79344092353288,0.787642234365861,0.0722606269426743,8.98787248747544e-05,6.96963124807187e-06,9.98038220081779e-05,0.0657261558005635,525,525,525,525,525,-23.439621277892,-23.4392227994728
21.5,0.1075,1.15562508553208,-6.04251918585811,6.95969005119349,11.1997181115191,6.961005958903,-6.03816814606802,0.798878888873149,0.790081249079002,0.789261460948285,0.79010802523179,0.791189674666385,0.074725085890243,5.45142022616477e-05,4.22729503646096e-06,6.05340779702974e-05,0.0679753508927444,537.5,537.5,537.5,537.5,537.5,-23.2042531151554,-23.20380240437
22,0.11,1.21000008553208,-5.67894714301605,7.43400355451865,11.7141561493523,7.43553759894297,-5.67429113009382,0.800185181132876,0.78708211408251,0.786783743142698,0.787018911745658,0.794568389578773,0.0772489394698347,3.30645350537624e-05,2.5639840466673e-06,3.67157742378672e-05,0.0702889168597849,550,550,550,550,550,-22.9672042944293,-22.9666973551482
22.5,0.1125,1.26562508553208,-5.31774399207291,7.90167957715767,12.2205118753894,7.90341260757481,-5.31324277714572,0.798166751949364,0.784503219303775,0.78476327042728,0.784315732032374,0.796264088542841,0.0798122500120066,2.00546546862109e-05,1.5551349684264e-06,2.22692432444629e-05,0.0726757192432815,562.5,562.5,562.5,562.5,562.5,-22.728536265124,-22.7279726551463
23,0.115,1.32250008553208,-4.95872458077224,8.36304784332805,12.7191192097211,8.36492984468441,-4.95443103796345,0.796118051843077,0.782487873332021,0.783295813576223,0.78214896651875,0.794010195203258,0.0824167302144458,1.21637634949472e-05,9.43237081597186e-07,1.35069794157736e-05,0.0751457763594131,575,575,575,575,575,-22.4883033462959,-22.4876870025842
23.5,0.1175,1.38062508553209,-4.60180929296507,8.81838322744898,13.2102862386669,8.82038800922294,-4.59762651602512,0.794025523586139,0.78113152822316,0.782433874616659,0.780625433284141,0.791702832116375,0.0850683476980505,7.37769580636212e-06,5.72102233342134e-07,8.19239747909985e-06,0.0777101806254972,587.5,587.5,587.5,587.5,587.5,-22.2465577297004,-22.2458915882023
24,0.12,1.44000008553209,-4.24691561246686,9.267921597118,13.6943017780586,9.27004123517742,-4.24276664626314,0.791875789391301,0.780475610425722,0.782155853788808,0.779804885501734,0.789329549148224,0.0877749586747236,4.4747990071298e-06,3.46997568472324e-07,4.96894058357294e-06,0.0803808352394473,600,600,600,600,600,-22.0033497287104,-22.0026354853576
24.5,0.1225,1.50062508553209,-3.89396138569458,9.71187785098482,14.1714426188419,9.71411325743725,-3.88978429579817,0.789655832803154,0.780487653104797,0.782382436323583,0.779673641930884,0.786878282009076,0.0905464718049964,2.71410293486056e-06,2.10464675056833e-07,3.01381496678067e-06,0.0831700690017677,612.5,612.5,612.5,612.5,612.5,-21.7587277906335,-21.7579661593197
25,0.125,1.56250008624467,-3.54286594060727,10.150462489405,14.6419832003705,10.1528168213671,-3.53861040425062,0.787353157571034,0.781068176554762,0.782948801906315,0.780146429937601,0.78433743207554,0.0933946473529678,1.6461868646473e-06,1.27653295349133e-07,1.82797142550036e-06,0.0860901376907448,625,625,625,625,625,-21.5127385376331,-21.5119294474316
25.5,0.1275,1.62562508624467,-3.1935497177156,10.5838952522943,15.1062325269083,10.5863700979543,-3.18917438258478,0.78495594062367,0.782072695325875,0.783481130501173,0.781085489105126,0.781697322494189,0.0963324548206763,9.98462826541789e-07,7.74256391097246e-08,1.10872073853764e-06,0.0891511134836789,637.5,637.5,637.5,637.5,637.5,-21.2654268152878,-21.264569564482
26,0.13,1.69000008624467,-2.84593292034089,11.0124142994525,15.5645169002965,11.0150084240068,-2.84140105984665,0.78245315921562,0.783340439620362,0.783910780782989,0.782329253972177,0.778969277721665,0.0993731036558985,6.05598296585913e-07,4.6961022397477e-08,6.72473098446162e-07,0.0923305402979008,650,650,650,650,650,-21.016835720461,-21.0159290814444
26.5,0.1325,1.75562508681896,-2.49993403096136,11.4362790473323,16.0171486857545,11.438983636728,-2.49521268303852,0.779834680390631,0.784610490868906,0.784225907698478,0.783720269267131,0.776170044457777,0.102528962966486,3.67313985187277e-07,2.84833038403776e-08,4.07875608505882e-07,0.0955910785899075,662.5,662.5,662.5,662.5,662.5,-20.7670066149972,-20.7660488926643
27,0.135,1.82250008704045,-2.1554670472035,11.8557963315291,16.464431547999,11.8585580130562,-2.15052983868856,0.777091303934139,0.785592000374409,0.784428888989265,0.785125086715177,0.773304377908429,0.105810565133863,2.22787143611659e-07,1.72759931655017e-08,2.47389006214034e-07,0.0989146240543223,675,675,675,675,675,-20.515979111872,-20.5149682200023
27.5,0.1375,1.89062508704045,-1.81244048908678,12.2712624089161,16.9066660219175,12.2740225104885,-1.80726925333272,0.77421484726824,0.786321217517463,0.7845262326498,0.786160392965001,0.770371078750353,0.109225810865302,1.35127238110044e-07,1.0478419909532e-08,1.50049022612954e-07,0.102293032792809,687.5,687.5,687.5,687.5,687.5,-20.2637910204345,-20.26272459662
28,0.14,1.96000008704046,-1.47076652167101,12.6829419644501,17.3441506410084,12.6856868699181,-1.46534074172723,0.771201762487005,0.786849777553211,0.784526342456576,0.786858242749358,0.767366359773652,0.112778970528401,8.19588148923013e-08,6.35548310743585e-09,9.1009334915251e-08,0.10572206311774,700,700,700,700,700,-20.0104783402427,-20.0093538159005
28.5,0.1425,2.03062508704046,-1.13055236799659,13.0910679702407,17.7771757480386,13.0938182326987,-1.12464995203055,0.768174973644297,0.787216176069375,0.784438213388682,0.787305157456229,0.764285226203544,0.116454856107136,4.97105379545938e-08,3.85479566463547e-09,5.51999563430419e-08,0.109198321002398,712.5,712.5,712.5,712.5,712.5,-19.7560760431237,-19.7548898725907
29,0.145,2.10250008704047,-0.794465571141359,13.4957118733769,18.2060112791806,13.4986504355187,-0.785105457335419,0.766947246539025,0.78744841154726,0.784270691717112,0.787569839810541,0.761124056400886,0.119632041615526,3.01509653717405e-08,2.33805174641178e-09,3.34804659244397e-08,0.112702497987755,725,725,725,725,725,-19.5006326643316,-19.4993649710313
29.5,0.1475,2.17562508704047,-0.468545667138358,13.8963282092683,18.6308586077922,13.9003876339861,-0.446722512395127,0.771848824579896,0.787568182777891,0.784032139014835,0.787695504316392,0.757980294329643,0.110312536543295,1.82874818901639e-08,1.41809983273086e-09,2.0306925717784e-08,0.115725872809237,737.5,737.5,737.5,737.5,737.5,-19.2442643498607,-19.2428099804591
30,0.15,2.25000009347649,-0.147873416277037,14.2923257243159,19.0517997325454,14.2991085536166,-0.11155396859175,0.779037847736305,0.787592337110852,0.783730306980838,0.787710626285267,0.756316753598176,0.0743950077162949,1.1091932311001e-08,8.60122109268844e-10,1.23167884388575e-08,0.108520621403595,750,750,750,750,750,-18.9871109892399,-18.9852642796955
30.2436885655778,0.151218442827889,2.28670183860564,0.0100000000001046,14.4838570976397,19.255554230945,14.4922039945523,0.0484086755876092,0.781404669690569,0.78757316759415,0.783562392647322,0.787684273363987,0.757464562999143,0.0586022408267615,8.69309870851161e-09,6.74104899436988e-10,9.65305725506269e-09,0.0933454724125328,756.092214139446,756.092214139446,756.092214139446,756.092214139446,756.092214139446,-18.8615009214337,-18.8594116158516
